County Code,ALAND_SQMI
1001,594.444
1003,1589.823
1005,885.008
1007,622.461
1009,644.831
1011,622.812
1013,776.839
1015,605.87
1017,596.561
1019,553.525
1021,692.852
1023,913.467
1025,1238.42
1027,603.961
1029,560.104
1031,678.986
1033,592.745
1035,850.2
1037,650.911
1039,1030.559
1041,608.865
1043,734.741
1045,561.101
1047,978.738
1049,777.099
1051,618.446
1053,945.223
1055,535.088
1057,627.684
1059,633.919
1061,574.481
1063,647.023
1065,643.987
1067,561.75
1069,579.856
1071,1077.987
1073,1111.415
1075,604.846
1077,668.013
1079,690.684
1081,607.537
1083,559.955
1085,715.911
1087,608.827
1089,801.591
1091,976.893
1093,742.342
1095,565.845
1097,1229.41
1099,1025.669
1101,785.339
1103,579.6
1105,719.656
1107,881.345
1109,672.068
1111,580.549
1113,641.17
1115,631.581
1117,785.384
1119,903.826
1121,736.796
1123,716.522
1125,1320.859
1127,791.002
1129,1080.206
1131,888.45
1133,612.981
2013,6985.168
2016,4394.448
2020,1706.8
2050,40630.621
2060,481.981
2068,12636.961
2070,18331.641
2090,7329.588
2100,2344.527
2105,6556.473
2110,2703.976
2122,16023.191
2130,4856.925
2150,6615.364
2158,17074.217
2164,23904.724
2170,24714.116
2180,22970.019
2185,88824.445
2188,35663.959
2195,2900.654
2198,5263.768
2220,2870.015
2230,433.933
2240,24822.785
2261,34221.861
2275,2555.995
2282,7623.278
2290,145575.515
4001,11197.749
4003,6209.749
4005,18616.784
4007,4757.996
4009,4621.877
4011,1842.141
4012,4496.358
4013,9200.669
4015,13331.861
4017,9950.053
4019,9188.69
4021,5366.047
4023,1236.235
4025,8123.098
4027,5513.839
5001,988.813
5003,925.359
5005,554.251
5007,847.901
5009,589.995
5011,649.236
5013,628.565
5015,630.051
5017,644.727
5019,866.077
5021,639.468
5023,553.701
5025,597.779
5027,765.983
5029,552.276
5031,707.303
5033,593.767
5035,610.382
5037,616.382
5039,667.386
5041,768.135
5043,828.378
5045,647.957
5047,608.848
5049,618.188
5051,677.619
5053,631.812
5055,577.688
5057,727.521
5059,615.29
5061,588.567
5063,764.025
5065,580.595
5067,633.837
5069,870.052
5071,659.841
5073,528.295
5075,587.614
5077,602.621
5079,561.541
5081,532.246
5083,708.272
5085,771.374
5087,834.259
5089,596.957
5091,625.732
5093,900.576
5095,607.133
5097,779.92
5099,617.843
5101,820.904
5103,732.783
5105,551.559
5107,695.628
5109,600.625
5111,758.362
5113,857.48
5115,812.516
5117,647.869
5119,758.436
5121,652.224
5123,634.759
5125,723.574
5127,892.366
5129,666.009
5131,531.169
5133,565.305
5135,604.405
5137,606.472
5139,1039.254
5141,709.75
5143,941.977
5145,1035.074
5147,586.786
5149,930.104
6001,737.306
6003,738.34
6005,594.572
6007,1636.489
6009,1019.999
6011,1150.713
6013,717.08
6015,1006.228
6017,1707.846
6019,5958.383
6021,1313.968
6023,3568.135
6025,4175.539
6027,10197.221
6029,8132.293
6031,1390.309
6033,1256.511
6035,4541.185
6037,4058.653
6039,2136.928
6041,520.446
6043,1448.838
6045,3506.359
6047,1936.112
6049,3947.932
6051,3048.987
6053,3281.721
6055,748.261
6057,957.76
6059,792.81
6061,1407.075
6063,2553.062
6065,7208.996
6067,965.249
6069,1388.652
6071,20067.883
6073,4210.202
6075,46.903
6077,1392.334
6079,3300.617
6081,448.634
6083,2735.172
6085,1291.084
6087,445.097
6089,3775.464
6091,953.168
6093,6278.768
6095,821.814
6097,1575.592
6099,1496.018
6101,602.53
6103,2949.137
6105,3179.268
6107,4824.304
6109,2220.871
6111,1842.475
6113,1014.732
6115,632.016
8001,1166.305
8003,722.577
8005,797.96
8007,1350.088
8009,2554.993
8011,1512.847
8013,726.378
8014,33.004
8015,1013.408
8017,1778.276
8019,395.073
8021,1287.428
8023,1227.593
8025,787.428
8027,738.626
8029,1142.125
8031,153.292
8033,1067.17
8035,840.251
8037,1684.47
8039,1850.836
8041,2126.849
8043,1533.082
8045,2947.425
8047,150.023
8049,1846.446
8051,3239.142
8053,1117.231
8055,1591.033
8057,1613.726
8059,764.337
8061,1767.809
8063,2160.822
8065,376.919
8067,1689.682
8069,2595.775
8071,4772.938
8073,2577.679
8075,1838.598
8077,3328.915
8079,875.76
8081,4743.244
8083,2029.349
8085,2240.946
8087,1280.485
8089,1261.946
8091,541.593
8093,2193.903
8095,687.928
8097,970.701
8099,1638.397
8101,2386.098
8103,3220.971
8105,911.956
8107,2362.02
8109,3168.566
8111,387.516
8113,1286.726
8115,548.041
8117,608.339
8119,557.042
8121,2518.084
8123,3984.929
8125,2364.398
9001,624.968
9003,734.962
9005,920.514
9007,369.304
9009,604.514
9011,665.142
9013,410.352
9015,512.928
10001,586.06
10003,426.318
10005,936.133
11001,61.136
12001,875.539
12003,585.23
12005,758.592
12007,293.964
12009,1014.983
12011,1202.82
12013,567.336
12015,681.107
12017,581.911
12019,604.615
12021,1996.938
12023,797.551
12027,636.693
12029,705.108
12031,762.629
12033,656.973
12035,485.145
12037,545.141
12039,516.309
12041,349.695
12043,806.568
12045,553.439
12047,513.782
12049,637.575
12051,1156.229
12053,472.961
12055,1017.644
12057,1021.924
12059,478.857
12061,502.784
12063,918.177
12065,598.077
12067,543.345
12069,950.758
12071,781.457
12073,666.89
12075,1118.223
12077,835.563
12079,696.529
12081,743.631
12083,1588.416
12085,543.82
12086,1899.841
12087,983.029
12089,648.68
12091,930.225
12093,769.157
12095,901.866
12097,1327.563
12099,1964.283
12101,746.58
12103,273.777
12105,1797.539
12107,727.867
12109,600.565
12111,571.651
12113,1012.379
12115,555.986
12117,309.326
12119,557.133
12121,688.552
12123,1043.318
12125,243.555
12127,1101.242
12129,606.418
12131,1037.742
12133,584.677
13001,508.274
13003,342.718
13005,284.085
13007,341.957
13009,258.699
13011,232.056
13013,161.036
13015,458.909
13017,250.122
13019,453.376
13021,249.398
13023,215.872
13025,443.226
13027,493.184
13029,437.548
13031,675.951
13033,827.035
13035,183.69
13037,280.384
13039,630.317
13043,243.059
13045,499.028
13047,162.162
13049,780.087
13051,433.117
13053,248.737
13055,313.327
13057,421.083
13059,119.223
13061,195.404
13063,141.679
13065,814.996
13067,339.79
13069,592.253
13071,547.037
13073,290.076
13075,228.421
13077,440.933
13079,324.913
13081,272.68
13083,173.98
13085,210.828
13087,597.172
13089,267.731
13091,495.957
13093,392.631
13095,328.644
13097,200.138
13099,512.6
13101,420.407
13103,478.819
13105,351.098
13107,680.572
13109,182.895
13111,387.105
13113,194.378
13115,509.823
13117,224.551
13119,261.562
13121,526.724
13123,426.213
13125,143.746
13127,419.551
13129,356.443
13131,454.501
13133,387.663
13135,430.623
13137,276.828
13139,392.999
13141,471.067
13143,282.165
13145,463.825
13147,232.422
13149,295.972
13151,318.649
13153,376.043
13155,354.363
13157,339.669
13159,368.406
13161,330.918
13163,526.551
13165,347.325
13167,303.019
13169,393.942
13171,183.501
13173,196.536
13175,807.33
13177,355.882
13179,516.47
13181,210.381
13183,400.393
13185,497.159
13187,282.942
13189,257.472
13191,431.354
13193,400.662
13195,282.328
13197,366.017
13199,501.223
13201,282.423
13205,512.158
13207,396.092
13209,241.145
13211,347.403
13213,344.494
13215,216.479
13217,273.801
13219,184.335
13221,439.062
13223,312.329
13225,150.284
13227,232.059
13229,340.45
13231,216.086
13233,310.333
13235,249.261
13237,344.682
13239,151.237
13241,370.14
13243,428.236
13245,324.332
13247,129.818
13249,166.909
13251,645.771
13253,237.536
13255,195.993
13257,179.15
13259,458.748
13261,482.877
13263,391.377
13265,194.607
13267,480.824
13269,376.686
13271,437.307
13273,335.739
13275,544.623
13277,260.889
13279,364.009
13281,166.464
13283,199.433
13285,414.008
13287,285.415
13289,359.26
13291,322.085
13293,323.467
13295,446.39
13297,326.815
13299,899.225
13301,284.358
13303,678.514
13305,641.937
13307,209.357
13309,295.49
13311,240.743
13313,290.438
13315,377.811
13317,469.501
13319,449.214
13321,570.712
15001,4028.449
15003,600.571
15005,11.991
15007,619.884
15009,1161.53
16001,1052.013
16003,1362.805
16005,1112.491
16007,975.728
16009,776.931
16011,2093.793
16013,2637.737
16015,1899.556
16017,1733.234
16019,1865.982
16021,1268.679
16023,2236.487
16025,1074.234
16027,587.047
16029,1764.194
16031,2565.61
16033,1763.145
16035,2457.314
16037,4922.177
16039,3075.079
16041,663.019
16043,1863.96
16045,559.769
16047,729.321
16049,8477.499
16051,1093.68
16053,597.471
16055,1237.779
16057,1075.867
16059,4563.693
16061,478.822
16063,1201.364
16065,469.267
16067,756.996
16069,848.32
16071,1198.951
16073,7668.206
16075,406.892
16077,1403.826
16079,2637.425
16081,449.091
16083,1921.708
16085,3665.116
16087,1452.852
17001,855.141
17003,235.394
17005,380.339
17007,280.766
17009,305.727
17011,869.091
17013,253.832
17015,445.406
17017,375.754
17019,996.113
17021,709.49
17023,501.375
17025,468.271
17027,473.941
17029,508.283
17031,944.93
17033,443.643
17035,345.944
17037,631.337
17039,397.561
17041,416.647
17043,327.759
17045,623.324
17047,222.4
17049,478.77
17051,716.439
17053,485.597
17055,408.921
17057,865.693
17059,322.99
17061,543.039
17063,418.126
17065,434.647
17067,793.748
17069,177.389
17071,378.796
17073,823.053
17075,1117.395
17077,583.57
17079,494.614
17081,571.204
17083,369.66
17085,600.924
17087,343.735
17089,519.36
17091,676.495
17093,320.238
17095,716.385
17097,443.9
17099,1135.168
17101,372.179
17103,724.787
17105,1043.628
17107,618.056
17109,589.323
17111,603.395
17113,1183.249
17115,580.576
17117,862.974
17119,715.506
17121,572.538
17123,386.814
17125,539.352
17127,237.242
17129,314.391
17131,561.24
17133,385.326
17135,703.759
17137,568.954
17139,335.961
17141,758.654
17143,618.715
17145,441.843
17147,439.188
17149,831.352
17151,368.854
17153,199.316
17155,160.097
17157,575.367
17159,360.034
17161,427.453
17163,657.703
17165,379.99
17167,868.268
17169,437.3
17171,250.79
17173,758.51
17175,288.093
17177,564.247
17179,646.465
17181,413.411
17183,898.319
17185,223.323
17187,542.384
17189,562.587
17191,713.83
17193,494.983
17195,684.099
17197,835.871
17199,420.214
17201,513.156
17203,527.733
18001,338.926
18003,657.32
18005,406.955
18007,406.418
18009,165.082
18011,422.912
18013,311.987
18015,372.225
18017,412.155
18019,372.838
18021,357.602
18023,405.067
18025,305.613
18027,429.499
18029,305.087
18031,372.568
18033,362.833
18035,392.101
18037,427.265
18039,463.17
18041,215.021
18043,147.965
18045,395.668
18047,384.426
18049,368.393
18051,487.422
18053,414.089
18055,542.467
18057,394.347
18059,305.957
18061,484.516
18063,406.894
18065,391.88
18067,293.074
18069,382.649
18071,509.974
18073,559.68
18075,383.905
18077,360.639
18079,376.597
18081,320.444
18083,516.02
18085,531.436
18087,379.63
18089,498.789
18091,598.27
18093,449.179
18095,451.92
18097,396.569
18099,443.62
18101,335.761
18103,373.842
18105,394.522
18107,504.647
18109,403.84
18111,401.755
18113,410.844
18115,86.15
18117,398.378
18119,385.296
18121,444.721
18123,381.74
18125,334.302
18127,418.084
18129,409.369
18131,433.675
18133,480.537
18135,452.379
18137,446.423
18139,408.124
18141,457.894
18143,190.401
18145,411.139
18147,396.768
18149,309.144
18151,308.777
18153,447.172
18155,220.667
18157,498.907
18159,260.541
18161,161.19
18163,233.675
18165,256.864
18167,403.55
18169,412.538
18171,364.69
18173,384.814
18175,513.691
18177,401.754
18179,368.087
18181,505.14
18183,335.582
19001,569.271
19003,423.433
19005,639.044
19007,497.291
19009,442.961
19011,716.102
19013,565.768
19015,571.558
19017,435.479
19019,571.08
19021,574.899
19023,580.138
19025,569.846
19027,569.437
19029,564.258
19031,579.462
19033,568.3
19035,576.907
19037,504.324
19039,431.167
19041,567.238
19043,778.496
19045,694.914
19047,714.19
19049,588.32
19051,502.188
19053,531.882
19055,577.682
19057,416.129
19059,380.52
19061,608.299
19063,395.89
19065,730.83
19067,500.601
19069,581.972
19071,511.167
19073,569.618
19075,501.855
19077,590.62
19079,576.753
19081,571.005
19083,569.31
19085,696.843
19087,434.287
19089,473.247
19091,434.371
19093,431.508
19095,586.455
19097,636.043
19099,730.413
19101,435.523
19103,612.991
19105,575.618
19107,579.181
19109,972.731
19111,517.55
19113,717.078
19115,401.772
19117,430.603
19119,587.65
19121,561.006
19123,570.859
19125,554.489
19127,572.503
19129,437.432
19131,469.133
19133,694.072
19135,433.717
19137,424.097
19139,437.445
19141,573.035
19143,398.687
19145,534.944
19147,563.864
19149,862.828
19151,577.241
19153,572.213
19155,950.511
19157,584.924
19159,535.498
19161,575.022
19163,458.086
19165,590.779
19167,767.914
19169,572.544
19171,721.011
19173,531.902
19175,423.645
19177,484.808
19179,431.837
19181,569.838
19183,568.812
19185,525.49
19187,715.709
19189,400.489
19191,689.836
19193,872.896
19195,400.123
19197,580.415
20001,500.297
20003,579.645
20005,431.174
20007,1134.075
20009,895.257
20011,635.471
20013,570.871
20015,1429.666
20017,773.054
20019,638.881
20021,587.567
20023,1019.89
20025,974.638
20027,645.298
20029,715.342
20031,626.885
20033,788.298
20035,1125.738
20037,589.771
20039,893.517
20041,847.067
20043,393.479
20045,455.765
20047,621.894
20049,644.264
20051,899.912
20053,715.575
20055,1301.997
20057,1098.271
20059,571.772
20061,384.663
20063,1071.666
20065,898.527
20067,574.808
20069,868.867
20071,778.404
20073,1143.304
20075,996.514
20077,801.274
20079,539.756
20081,577.521
20083,859.992
20085,656.219
20087,532.57
20089,909.971
20091,473.619
20093,870.543
20095,863.419
20097,722.64
20099,645.393
20101,717.409
20103,463.405
20105,719.396
20107,594.081
20109,1072.993
20111,847.486
20113,898.285
20115,944.299
20117,900.175
20119,978.083
20121,575.879
20123,701.792
20125,643.594
20127,695.343
20129,729.731
20131,717.427
20133,571.481
20135,1074.739
20137,878.044
20139,705.506
20141,892.516
20143,720.73
20145,754.263
20147,885.871
20149,840.74
20151,735.039
20153,1069.416
20155,1255.308
20157,717.377
20159,726.234
20161,609.7
20163,890.527
20165,717.763
20167,886.26
20169,720.242
20171,717.585
20173,996.928
20175,639.653
20177,544.023
20179,895.957
20181,1056.064
20183,895.464
20185,792.046
20187,680.352
20189,727.26
20191,1181.655
20193,1074.686
20195,889.474
20197,794.336
20199,913.652
20201,894.76
20203,718.566
20205,570.422
20207,497.819
20209,151.638
21001,405.288
21003,344.341
21005,202.166
21007,246.869
21009,487.584
21011,278.797
21013,359.062
21015,246.284
21017,289.746
21019,159.867
21021,180.35
21023,202.717
21025,492.416
21027,569.806
21029,297.031
21031,426.092
21033,344.79
21035,385.03
21037,151.34
21039,189.44
21041,128.57
21043,409.495
21045,444.239
21047,717.51
21049,252.487
21051,469.297
21053,197.25
21055,359.963
21057,305.196
21059,458.391
21061,302.885
21063,234.319
21065,253.094
21067,283.637
21069,348.545
21071,393.282
21073,207.841
21075,205.931
21077,98.341
21079,230.099
21081,257.977
21083,551.756
21085,499.928
21087,286.049
21089,344.462
21091,187.673
21093,623.397
21095,465.831
21097,306.412
21099,412.562
21101,436.492
21103,286.295
21105,242.274
21107,542.066
21109,345.195
21111,380.709
21113,172.165
21115,261.965
21117,160.29
21119,351.518
21121,386.304
21123,261.553
21125,433.988
21127,415.596
21129,208.859
21131,400.854
21133,337.93
21135,482.84
21137,332.843
21139,313.128
21141,552.213
21143,213.842
21145,248.723
21147,426.804
21149,252.527
21151,437.353
21153,308.444
21155,343.038
21157,302.205
21159,229.618
21161,240.126
21163,305.443
21165,203.585
21167,249.061
21169,289.641
21171,329.43
21173,197.349
21175,381.127
21177,467.358
21179,417.518
21181,195.161
21183,587.285
21185,187.242
21187,351.108
21189,197.41
21191,277.158
21193,339.7
21195,786.73
21197,178.981
21199,658.41
21201,99.921
21203,316.547
21205,279.84
21207,253.692
21209,281.767
21211,379.774
21213,234.205
21215,186.723
21217,266.369
21219,374.503
21221,441.561
21223,151.648
21225,342.856
21227,541.72
21229,296.972
21231,458.184
21233,332.099
21235,437.831
21237,222.171
21239,190.111
22001,655.169
22003,761.812
22005,290.063
22007,338.623
22009,832.035
22011,1157.363
22013,811.281
22015,840.315
22017,879.067
22019,1064.153
22021,529.49
22023,1284.869
22025,708.028
22027,754.878
22029,696.981
22031,876.426
22033,455.392
22035,420.708
22037,453.403
22039,662.381
22041,624.593
22043,643.026
22045,574.093
22047,618.63
22049,569.185
22051,295.696
22053,651.364
22055,268.761
22057,1068.36
22059,624.685
22061,471.742
22063,648.174
22065,624.405
22067,794.93
22069,1252.275
22071,169.434
22073,610.402
22075,780.294
22077,557.219
22079,1320.344
22081,389.092
22083,555.728
22085,866.659
22087,377.512
22089,277.751
22091,408.408
22093,242.841
22095,214.32
22097,923.913
22099,737.222
22101,555.584
22103,845.198
22105,791.31
22107,602.784
22109,1229.828
22111,876.939
22113,1173.212
22115,1327.918
22117,669.596
22119,593.183
22121,192.392
22123,359.646
22125,403.318
22127,950.086
23001,467.952
23003,6671.093
23005,835.945
23007,1697.004
23009,1587.126
23011,867.469
23013,365.136
23015,455.867
23017,2076.953
23019,3397.197
23021,3961.029
23023,253.971
23025,3924.283
23027,729.971
23029,2562.727
23031,991.076
24001,422.188
24003,414.81
24005,598.36
24009,213.191
24011,319.442
24013,447.629
24015,346.299
24017,457.797
24019,540.765
24021,660.526
24023,649.077
24025,437.125
24027,250.948
24029,277.035
24031,493.063
24033,482.652
24035,371.69
24037,358.697
24039,319.749
24041,268.558
24043,457.767
24045,374.421
24047,468.402
24510,80.947
25001,394.218
25003,926.877
25005,553.109
25007,103.205
25009,492.515
25011,699.199
25013,617
25015,527.236
25017,817.852
25019,46.165
25021,396.107
25023,658.581
25025,58.249
25027,1510.646
26001,674.655
26003,915.033
26005,825.253
26007,571.867
26009,475.679
26011,363.178
26013,898.427
26015,553.095
26017,442.241
26019,319.698
26021,567.78
26023,506.414
26025,706.261
26027,490.105
26029,416.33
26031,715.274
26033,1558.507
26035,564.366
26037,566.419
26039,556.403
26041,1171.101
26043,760.948
26045,575.202
26047,467.521
26049,636.935
26051,501.786
26053,1102.136
26055,464.336
26057,568.381
26059,598.152
26061,1009.101
26063,836.021
26065,556.063
26067,571.32
26069,549.104
26071,1165.997
26073,572.699
26075,701.881
26077,561.981
26079,559.744
26081,848.875
26083,540.112
26085,567.591
26087,646.982
26089,347.199
26091,749.619
26093,565.252
26095,899.075
26097,1021.865
26099,479.172
26101,542.325
26103,1809.045
26105,494.971
26107,555.127
26109,1044.041
26111,516.279
26113,564.788
26115,549.35
26117,705.329
26119,546.675
26121,503.914
26123,838.887
26125,867.158
26127,538.098
26129,563.503
26131,1310.978
26133,566.286
26135,565.674
26137,515.006
26139,563.511
26141,658.717
26143,519.897
26145,800.704
26147,721.336
26149,500.596
26151,962.571
26153,1171.876
26155,530.959
26157,804.701
26159,607.827
26161,705.964
26163,611.779
26165,564.925
27001,1821.797
27003,421.964
27005,1315.084
27007,2504.704
27009,408.297
27011,499.177
27013,747.784
27015,611.109
27017,861.304
27019,354.196
27021,2021.473
27023,581.184
27025,414.9
27027,1045.198
27029,998.826
27031,1452.568
27033,639.973
27035,998.364
27037,562.544
27039,439.278
27041,636.754
27043,712.478
27045,861.296
27047,707.245
27049,756.707
27051,547.796
27053,553.845
27055,552.043
27057,926.006
27059,435.74
27061,2667.322
27063,702.972
27065,521.624
27067,797.382
27069,1098.814
27071,3104.732
27073,765.021
27075,2109.266
27077,1297.832
27079,448.67
27081,536.782
27083,714.411
27085,491.486
27087,557.867
27089,1775.06
27091,712.331
27093,608.07
27095,572.364
27097,1125.094
27099,711.328
27101,704.665
27103,448.61
27105,715.093
27107,872.789
27109,653.617
27111,1971.857
27113,616.578
27115,1411.289
27117,465.056
27119,1971.073
27121,669.53
27123,152.243
27125,432.407
27127,878.573
27129,982.918
27131,495.838
27133,482.458
27135,1671.619
27137,6247.318
27139,356.254
27141,432.909
27143,588.834
27145,1342.797
27147,429.645
27149,563.611
27151,741.983
27153,945.086
27155,573.872
27157,522.951
27159,536.277
27161,423.363
27163,384.411
27165,434.954
27167,751
27169,626.118
27171,661.119
27173,759.101
28001,462.344
28003,400.044
28005,730.1
28007,734.957
28009,406.616
28011,876.661
28013,586.573
28015,628.29
28017,501.782
28019,418.196
28021,487.415
28023,691.577
28025,410.066
28027,552.489
28029,777.285
28031,413.818
28033,476.313
28035,466.042
28037,563.964
28039,478.696
28041,712.738
28043,422.122
28045,473.964
28047,573.642
28049,869.83
28051,756.674
28053,418.514
28055,413.045
28057,532.795
28059,722.797
28061,676.24
28063,519.933
28065,408.446
28067,694.812
28069,766.182
28071,631.694
28073,496.675
28075,703.674
28077,430.602
28079,582.897
28081,449.965
28083,594.074
28085,586.207
28087,505.443
28089,714.522
28091,542.385
28093,706.185
28095,765.089
28097,406.981
28099,570.134
28101,577.855
28103,695.158
28105,458.239
28107,685.175
28109,811.304
28111,647.207
28113,409.018
28115,497.764
28117,414.985
28119,405.012
28121,775.495
28123,609.231
28125,431.72
28127,589.165
28129,636.268
28131,445.485
28133,697.759
28135,645.223
28137,404.763
28139,457.822
28141,424.303
28143,454.678
28145,415.607
28147,403.928
28149,588.53
28151,725.642
28153,810.716
28155,421.145
28157,678.106
28159,607.251
28161,467.151
28163,922.339
29001,567.324
29003,432.631
29005,547.285
29007,692.245
29009,778.075
29011,592.03
29013,836.695
29015,704.043
29017,617.904
29019,685.551
29021,408.244
29023,694.67
29025,426.392
29027,834.567
29029,656.043
29031,578.541
29033,694.622
29035,507.359
29037,696.615
29039,474.47
29041,751.178
29043,562.648
29045,504.606
29047,397.665
29049,418.957
29051,391.548
29053,564.753
29055,742.477
29057,490.01
29059,540.951
29061,563.282
29063,421.358
29065,752.761
29067,813.623
29069,541.098
29071,922.651
29073,519.005
29075,491.422
29077,675.327
29079,435.292
29081,722.517
29083,696.945
29085,398.808
29087,462.693
29089,463.8
29091,927.248
29093,550.264
29095,604.516
29097,638.506
29099,656.467
29101,829.26
29103,504.009
29105,764.63
29107,628.436
29109,611.738
29111,505.042
29113,626.57
29115,615.588
29117,532.303
29119,539.48
29121,801.208
29123,494.388
29125,526.978
29127,436.922
29129,453.835
29131,592.602
29133,411.583
29135,415.028
29137,647.658
29139,535.047
29141,597.635
29143,674.858
29145,624.754
29147,876.964
29149,789.797
29151,606.58
29153,744.972
29155,492.616
29157,474.355
29159,682.225
29161,671.787
29163,670.439
29165,419.786
29167,635.527
29169,547.112
29171,517.317
29173,469.787
29175,482.712
29177,568.809
29179,808.477
29181,629.531
29183,560.512
29185,674.981
29186,499.153
29187,451.887
29189,507.44
29195,755.493
29197,307.305
29199,436.507
29201,419.991
29203,1003.821
29205,500.863
29207,823.218
29209,463.881
29211,647.982
29213,632.371
29215,1177.266
29217,826.391
29219,428.607
29221,759.866
29223,759.186
29225,592.563
29227,266.629
29229,681.775
29510,61.744
30001,5542.687
30003,4997.815
30005,4227.122
30007,1192.359
30009,2047.705
30011,3340.477
30013,2698.174
30015,3972.538
30017,3783.309
30019,1426.016
30021,2371.918
30023,736.683
30025,1620.595
30027,4339.329
30029,5087.198
30031,2605.015
30033,4676.56
30035,2994.946
30037,1174.423
30039,1727.162
30041,2899.17
30043,1656.863
30045,1869.687
30047,1490.467
30049,3458.381
30051,1429.983
30053,3612.535
30055,2642.225
30057,3588.157
30059,2391.868
30061,1219.619
30063,2593.009
30065,1868.958
30067,2802.471
30069,1655.625
30071,5140.478
30073,1624.567
30075,3298.196
30077,2326.042
30079,1736.603
30081,2390.998
30083,2084.556
30085,2354.602
30087,5008.135
30089,2760.401
30091,1675.808
30093,717.983
30095,1796.746
30097,1855.505
30099,2271.603
30101,1915.016
30103,977.801
30105,4926.1
30107,1422.481
30109,889.571
30111,2633.473
31001,563.274
31003,857.157
31005,715.355
31007,746.211
31009,710.688
31011,686.554
31013,1075.293
31015,539.935
31017,1221.356
31019,968.22
31021,491.586
31023,584.901
31025,557.353
31027,740.243
31029,894.419
31031,5960.208
31033,1196.287
31035,572.289
31037,411.647
31039,570.525
31041,2575.594
31043,264.273
31045,1396.484
31047,1013.089
31049,439.851
31051,476.11
31053,529.064
31055,326.411
31057,919.678
31059,575.371
31061,575.816
31063,974.631
31065,719.132
31067,851.462
31069,1705.446
31071,569.33
31073,458.155
31075,776.869
31077,569.811
31079,546.391
31081,541.898
31083,553.466
31085,713.062
31087,709.943
31089,2412.397
31091,721.16
31093,569.338
31095,570.171
31097,376.073
31099,516.243
31101,1061.6
31103,773.076
31105,951.846
31107,1108.443
31109,837.56
31111,2564.133
31113,570.661
31115,563.521
31117,858.974
31119,572.622
31121,485.852
31123,1423.837
31125,441.598
31127,407.377
31129,575.155
31131,615.664
31133,431.075
31135,883.335
31137,539.79
31139,573.249
31141,674.1
31143,438.346
31145,717.006
31147,551.841
31149,1008.293
31151,574.061
31153,238.152
31155,749.29
31157,739.416
31159,571.43
31161,2440.96
31163,565.829
31165,2066.699
31167,427.608
31169,573.807
31171,712.9
31173,393.584
31175,568.112
31177,389.957
31179,442.916
31181,574.913
31183,575.183
31185,572.51
32001,4950.519
32003,7891.649
32005,709.722
32007,17173.446
32009,3581.889
32011,4175.688
32013,9640.791
32015,5519.247
32017,10633.386
32019,2001.234
32021,3752.842
32023,18181.914
32027,6036.589
32029,263.971
32031,6316.16
32033,8886.665
32510,144.661
33001,401.844
33003,931.862
33005,706.709
33007,1794.573
33009,1708.6
33011,876.528
33013,932.882
33015,695.386
33017,367.471
33019,537.544
34001,555.515
34003,232.785
34005,799.292
34007,221.35
34009,251.483
34011,483.361
34013,126.085
34015,321.977
34017,46.194
34019,427.831
34021,224.44
34023,309.215
34025,468.182
34027,460.959
34029,628.338
34031,186.011
34033,331.862
34035,301.866
34037,518.753
34039,102.766
34041,356.536
35001,1161.258
35003,6924.186
35005,6067.174
35006,4539.984
35007,3757.975
35009,1405.513
35011,2323.107
35013,3808.189
35015,4176.345
35017,3961.206
35019,3029.772
35021,2125.478
35023,3438.534
35025,4391.47
35027,4831.115
35028,109.206
35029,2965.179
35031,5450.679
35033,1926.249
35035,6612.562
35037,2873.955
35039,5860.873
35041,2446.051
35043,3710.111
35045,5517.204
35047,4721.515
35049,1910.378
35051,4181.196
35053,6646.387
35055,2202.373
35057,3345.213
35059,3825.063
35061,1066.744
36001,522.829
36003,1029.36
36005,42.05
36007,705.819
36009,1308.278
36011,691.583
36013,1060.255
36015,407.353
36017,893.593
36019,1037.757
36021,634.663
36023,498.773
36025,1442.423
36027,795.649
36029,1042.726
36031,1794.118
36033,1629.214
36035,495.46
36037,492.939
36039,647.161
36041,1717.378
36043,1411.541
36045,1268.702
36047,69.371
36049,1274.642
36051,631.762
36053,654.848
36055,656.868
36057,403.117
36059,284.633
36061,22.661
36063,522.353
36065,1212.331
36067,778.387
36069,644.05
36071,812.315
36073,391.263
36075,951.646
36077,1001.737
36079,230.327
36081,108.778
36083,652.456
36085,57.52
36087,173.444
36089,2679.502
36091,809.996
36093,204.581
36095,621.819
36097,328.343
36099,323.709
36101,1390.555
36103,911.807
36105,968.137
36107,518.61
36109,474.641
36111,1124.236
36113,867.217
36115,831.167
36117,603.83
36119,430.589
36121,592.752
36123,338.149
37001,423.445
37003,259.985
37005,234.418
37007,531.461
37009,425.072
37011,247.338
37013,832.092
37015,699.176
37017,874.864
37019,849.193
37021,656.497
37023,506.237
37025,361.257
37027,471.891
37029,240.329
37031,507.603
37033,425.367
37035,401.373
37037,681.721
37039,455.541
37041,172.657
37043,214.983
37045,464.215
37047,938.121
37049,706.573
37051,652.563
37053,261.912
37055,383.229
37057,553.179
37059,263.694
37061,814.759
37063,286.486
37065,505.433
37067,407.809
37069,491.8
37071,355.749
37073,340.612
37075,291.966
37077,531.991
37079,266.735
37081,645.925
37083,723.738
37085,595.022
37087,553.56
37089,372.943
37091,353.164
37093,390.124
37095,612.345
37097,574.296
37099,491.107
37101,791.221
37103,471.368
37105,255.062
37107,399.087
37109,295.843
37111,439.955
37113,515.579
37115,449.615
37117,456.425
37119,523.581
37121,221.251
37123,491.537
37125,697.677
37127,540.444
37129,192.251
37131,536.677
37133,762.071
37135,397.559
37137,336.506
37139,226.88
37141,871.296
37143,247.171
37145,392.334
37147,652.37
37149,237.687
37151,782.332
37153,473.689
37155,947.277
37157,565.639
37159,511.48
37161,565.437
37163,945.702
37165,319.141
37167,395.133
37169,449.014
37171,533.742
37173,527.728
37175,378.353
37177,390.776
37179,632.723
37181,252.4
37183,834.829
37185,429.391
37187,346.51
37189,312.44
37191,553.919
37193,754.54
37195,367.549
37197,334.942
37199,312.592
38001,987.547
38003,1491.558
38005,1388.555
38007,1148.488
38009,1668.377
38011,1161.809
38013,1103.549
38015,1632.694
38017,1764.934
38019,1489.054
38021,1131.493
38023,1260.878
38025,2008.492
38027,630.239
38029,1510.003
38031,634.08
38033,1000.885
38035,1436.225
38037,1659.233
38039,708.655
38041,1132.239
38043,1351.062
38045,1146.005
38047,992.599
38049,1873.942
38051,974.563
38053,2760.134
38055,2110.259
38057,1042.781
38059,1925.888
38061,1825.259
38063,981.815
38065,722.404
38067,1118.678
38069,1018.285
38071,1185.38
38073,862.472
38075,877.264
38077,1435.674
38079,902.891
38081,858.483
38083,972.226
38085,1094.052
38087,1215.264
38089,1334.913
38091,712.143
38093,2221.904
38095,1024.909
38097,861.871
38099,1281.607
38101,2012.93
38103,1270.533
38105,2077.596
39001,583.867
39003,402.504
39005,422.961
39007,702.073
39009,503.627
39011,401.388
39013,532.126
39015,490.017
39017,466.529
39019,394.609
39021,428.994
39023,396.877
39025,452.119
39027,408.685
39029,531.917
39031,563.959
39033,401.786
39035,457.181
39037,598.1
39039,411.45
39041,443.16
39043,251.379
39045,504.41
39047,406.361
39049,532.411
39051,405.447
39053,466.531
39055,400.3
39057,413.625
39059,522.254
39061,405.407
39063,531.325
39065,470.31
39067,402.331
39069,416.01
39071,553.084
39073,421.328
39075,422.552
39077,491.494
39079,420.31
39081,408.124
39083,525.505
39085,229.27
39087,453.371
39089,682.438
39091,458.51
39093,491.197
39095,339.655
39097,465.811
39099,411.497
39101,403.808
39103,421.457
39105,430.102
39107,462.444
39109,406.513
39111,455.723
39113,461.518
39115,416.426
39117,406.134
39119,664.546
39121,398.012
39123,254.714
39125,416.435
39127,407.934
39129,501.228
39131,440.282
39133,487.404
39135,424.226
39137,482.544
39139,495.197
39141,689.187
39143,408.246
39145,610.23
39147,551.026
39149,407.696
39151,575.314
39153,412.789
39155,618.087
39157,567.432
39159,431.725
39161,409.153
39163,412.356
39165,401.189
39167,631.974
39169,554.805
39171,420.66
39173,617.188
39175,406.879
40001,573.855
40003,866.565
40005,975.446
40007,1814.838
40009,901.679
40011,928.488
40013,904.242
40015,1277.754
40017,896.58
40019,822.202
40021,749.001
40023,770.309
40025,1834.808
40027,538.788
40029,516.77
40031,1069.369
40033,632.633
40035,761.248
40037,949.853
40039,988.779
40041,738.029
40043,999.635
40045,1231.477
40047,1058.507
40049,802.109
40051,1100.54
40053,1000.74
40055,639.282
40057,537.258
40059,1038.584
40061,576.723
40063,804.485
40065,802.653
40067,758.956
40069,643.049
40071,919.595
40073,898.076
40075,1015.078
40077,722.092
40079,1589.196
40081,952.371
40083,743.842
40085,513.912
40087,570.717
40089,1850.864
40091,618.288
40093,955
40095,371.601
40097,655.377
40099,416.374
40101,810.624
40103,731.919
40105,565.817
40107,618.446
40109,708.857
40111,697.445
40113,2246.605
40115,470.817
40117,568.351
40119,684.901
40121,1305.52
40123,720.403
40125,787.792
40127,1395.537
40129,1141.126
40131,675.634
40133,632.832
40135,673.474
40137,870.196
40139,2041.273
40141,871.134
40143,570.081
40145,561.682
40147,415.524
40149,1003.089
40151,1286.463
40153,1242.786
41001,3067.967
41003,675.182
41005,1870.679
41007,828.14
41009,658.114
41011,1596.071
41013,2978.929
41015,1628.381
41017,3017.617
41019,5035.67
41021,1204.721
41023,4527.792
41025,10134.438
41027,522.089
41029,2783.255
41031,1782.239
41033,1638.649
41035,5942.746
41037,8138.6
41039,4556.05
41041,981.002
41043,2287.245
41045,9887.711
41047,1180.559
41049,2030.529
41051,431.106
41053,740.924
41055,823.614
41057,1102.369
41059,3215.449
41061,2036.941
41063,3145.897
41065,2381.135
41067,724.273
41069,1716.021
41071,715.899
42001,518.688
42003,730.117
42005,653.191
42007,434.713
42009,1012.303
42011,856.406
42013,525.801
42015,1147.413
42017,604.402
42019,789.558
42021,688.362
42023,396.231
42025,381.25
42027,1108.694
42029,750.529
42031,600.835
42033,1144.683
42035,887.984
42037,482.993
42039,1012.302
42041,545.479
42043,524.889
42045,183.815
42047,827.372
42049,799.058
42051,790.354
42053,427.27
42055,772.299
42057,437.551
42059,575.932
42061,874.652
42063,827.313
42065,652.435
42067,391.39
42069,458.772
42071,943.924
42073,357.226
42075,361.812
42077,345.294
42079,889.966
42081,1228.765
42083,979.181
42085,672.516
42087,411.045
42089,608.257
42091,482.966
42093,130.242
42095,369.782
42097,458.007
42099,551.448
42101,134.279
42103,544.961
42105,1081.323
42107,778.631
42109,328.783
42111,1074.358
42113,449.94
42115,823.496
42117,1133.773
42119,315.956
42121,674.284
42123,884.139
42125,856.987
42127,725.6
42129,1028.041
42131,397.308
42133,904.367
44001,24.132
44003,168.565
44005,102.437
44007,409.486
44009,329.279
45001,491.427
45003,1070.68
45005,408.091
45007,713.853
45009,393.367
45011,548.379
45013,576.15
45015,1103.67
45017,381.152
45019,917.944
45021,393.336
45023,580.661
45025,798.986
45027,606.96
45029,1056.48
45031,560.601
45033,405.067
45035,568.594
45037,500.746
45039,686.305
45041,800.51
45043,813.894
45045,785.132
45047,454.723
45049,559.975
45051,1132.999
45053,655.162
45055,726.612
45057,549.068
45059,713.765
45061,410.184
45063,698.992
45065,359.129
45067,489.258
45069,479.874
45071,630.044
45073,626.518
45075,1106.346
45077,496.977
45079,757.326
45081,452.951
45083,807.744
45085,665.074
45087,514.171
45089,934.166
45091,680.673
46003,708.46
46005,1258.709
46007,1184.642
46009,563.549
46011,792.226
46013,1713.03
46015,817.241
46017,471.405
46019,2250.017
46021,733.677
46023,1097.488
46025,957.604
46027,412.031
46029,687.585
46031,2469.694
46033,1556.947
46035,435.633
46037,1028.495
46039,622.739
46041,2302.488
46043,431.801
46045,1125.981
46047,1739.889
46049,981.692
46051,681.446
46053,1014.95
46055,1810.541
46057,506.959
46059,1436.65
46061,434.587
46063,2671.57
46065,741.527
46067,813.013
46069,860.629
46071,1863.883
46073,526.133
46075,969.672
46077,832.237
46079,562.891
46081,800.053
46083,577.293
46085,1642.147
46087,574.205
46089,1136.643
46091,838.121
46093,3470.934
46095,1307.325
46097,570.17
46099,806.835
46101,519.383
46102,2093.601
46103,2776.765
46105,2870.46
46107,861.138
46109,1101.049
46111,569.248
46115,1503.512
46117,1444.432
46119,1006.723
46121,1388.595
46123,1612.458
46125,617.064
46127,460.757
46129,708.642
46135,521.189
46137,1961.24
47001,337.203
47003,473.639
47005,394.306
47007,406.428
47009,558.82
47011,328.762
47013,480.19
47015,265.635
47017,597.658
47019,341.258
47021,302.525
47023,285.736
47025,434.6
47027,236.537
47029,436.135
47031,428.964
47033,265.528
47035,681.334
47037,503.452
47039,333.878
47041,304.415
47043,489.898
47045,512.351
47047,704.775
47049,498.619
47051,554.495
47053,602.745
47055,610.931
47057,280.587
47059,622.169
47061,360.444
47063,161.189
47065,542.366
47067,222.324
47069,667.743
47071,577.328
47073,487.054
47075,533.107
47077,520.009
47079,561.902
47081,612.483
47083,200.294
47085,530.763
47087,308.627
47089,275.073
47091,298.44
47093,508.326
47095,165.785
47097,471.967
47099,617.13
47101,282.092
47103,570.342
47105,229.272
47107,430.117
47109,562.842
47111,307.144
47113,557.174
47115,498.254
47117,375.462
47119,613.139
47121,195.135
47123,635.778
47125,539.165
47127,129.223
47129,522.18
47131,544.847
47133,433.485
47135,414.762
47137,162.979
47139,434.605
47141,401.106
47143,315.383
47145,360.758
47147,476.314
47149,619.266
47151,532.301
47153,265.851
47155,592.489
47157,763.56
47159,314.295
47161,459.776
47163,413.416
47165,529.457
47167,458.409
47169,114.342
47171,186.064
47173,223.578
47175,273.415
47177,432.673
47179,326.49
47181,734.109
47183,580.353
47185,376.678
47187,582.869
47189,571.088
48001,1062.631
48003,1500.721
48005,797.789
48007,252.069
48009,903.289
48011,909.109
48013,1219.541
48015,646.492
48017,826.972
48019,790.995
48021,888.205
48023,867.481
48025,880.239
48027,1051.389
48029,1240.307
48031,709.252
48033,897.443
48035,982.981
48037,885.002
48039,1363.271
48041,586.138
48043,6183.762
48045,900.001
48047,943.355
48049,944.452
48051,659.034
48053,994.276
48055,545.24
48057,506.839
48059,899.372
48061,891.642
48063,195.848
48065,920.235
48067,936.966
48069,894.444
48071,597.153
48073,1052.955
48075,696.511
48077,1088.758
48079,775.082
48081,911.646
48083,1262.914
48085,841.402
48087,918.441
48089,960.286
48091,559.525
48093,937.753
48095,983.755
48097,874.819
48099,1052.199
48101,900.564
48103,785.069
48105,2807.324
48107,900.199
48109,3812.156
48111,1503.132
48113,872.375
48115,900.306
48117,1496.822
48119,256.832
48121,879.577
48123,908.976
48125,901.724
48127,1328.885
48129,926.906
48131,1793.477
48133,926.508
48135,897.812
48137,2117.871
48139,935.66
48141,1013.247
48143,1083.178
48145,765.465
48147,890.835
48149,949.934
48151,898.951
48153,992.143
48155,704.397
48157,861.763
48159,284.391
48161,877.731
48163,1133.501
48165,1502.364
48167,378.901
48169,893.414
48171,1058.202
48173,900.218
48175,852.011
48177,1066.686
48179,925.974
48181,932.833
48183,273.38
48185,787.467
48187,711.253
48189,1004.68
48191,883.492
48193,835.915
48195,919.81
48197,695.114
48199,890.588
48201,1706.151
48203,900.058
48205,1461.951
48207,903.133
48209,678.025
48211,906.286
48213,873.754
48215,1570.816
48217,958.856
48219,908.392
48221,420.709
48223,767.428
48225,1231.001
48227,900.791
48229,4570.525
48231,840.415
48233,887.42
48235,1051.544
48237,910.94
48239,829.443
48241,938.655
48243,2264.556
48245,876.372
48247,1136.173
48249,865.17
48251,725.022
48253,928.571
48255,747.497
48257,780.69
48259,662.454
48261,1458.453
48263,902.507
48265,1103.327
48267,1250.985
48269,910.872
48271,1360.055
48273,881.306
48275,850.621
48277,907.196
48279,1016.181
48281,712.841
48283,1486.704
48285,969.709
48287,629.022
48289,1073.156
48291,1158.343
48293,905.43
48295,932.214
48297,1039.695
48299,934.053
48301,668.818
48303,895.6
48305,891.867
48307,1065.601
48309,1037.149
48311,1139.799
48313,466.065
48315,380.884
48317,914.956
48319,928.836
48321,1092.902
48323,1279.472
48325,1325.359
48327,902.027
48329,900.358
48331,1016.922
48333,748.215
48335,911.09
48337,930.906
48339,1042.289
48341,899.698
48343,251.989
48345,989.566
48347,946.557
48349,1009.648
48351,933.677
48353,911.997
48355,838.296
48357,917.685
48359,1500.523
48361,333.786
48363,952.549
48365,811.355
48367,903.72
48369,880.82
48371,4763.835
48373,1057.045
48375,908.39
48377,3855.252
48379,229.453
48381,911.933
48383,1175.314
48385,699.159
48387,1043.876
48389,2635.354
48391,770.484
48393,924.058
48395,855.108
48397,127.114
48399,1051.07
48401,924.037
48403,491.71
48405,530.657
48407,569.243
48409,693.436
48411,1135.313
48413,1310.642
48415,905.445
48417,914.286
48419,795.589
48421,922.86
48423,921.473
48425,186.468
48427,1223.179
48429,896.721
48431,923.449
48433,916.313
48435,1453.935
48437,890.16
48439,863.658
48441,915.536
48443,2357.958
48445,888.839
48447,912.552
48449,406.063
48451,1522.001
48453,992.233
48455,693.797
48457,924.39
48459,582.98
48461,1241.323
48463,1551.921
48465,3144.75
48467,842.571
48469,882.106
48471,784.222
48473,513.257
48475,835.603
48477,604.194
48479,3361.478
48481,1086.151
48483,914.533
48485,627.594
48487,970.946
48489,590.602
48491,1118.34
48493,803.735
48495,841.269
48497,904.394
48499,645.243
48501,799.715
48503,914.498
48505,998.412
48507,1297.407
49001,2582.901
49003,5745.593
49005,1164.731
49007,1479.184
49009,696.986
49011,299.065
49013,3235.344
49015,4462.277
49017,5175.149
49019,3672.744
49021,3296.337
49023,3391.679
49025,3989.946
49027,6785.5
49029,609.169
49031,758.438
49033,1028.847
49035,742.067
49037,7819.842
49039,1589.931
49041,1910.434
49043,1870.579
49045,6941.946
49047,4482.384
49049,2004.068
49051,1177.015
49053,2427.439
49055,2461.02
49057,576.272
50001,766.328
50003,674.996
50005,649.019
50007,536.586
50009,663.599
50011,634.123
50013,81.808
50015,458.87
50017,687.028
50019,693.573
50021,929.819
50023,687.043
50025,785.509
50027,969.578
51001,449.31
51003,720.47
51005,446.569
51007,355.36
51009,473.962
51011,334.219
51013,25.997
51015,967.073
51017,529.202
51019,760.083
51021,357.651
51023,541.277
51025,566.234
51027,502.854
51029,579.623
51031,503.207
51033,527.61
51035,474.744
51036,182.901
51037,475.296
51041,423.556
51043,175.933
51045,328.098
51047,379.187
51049,297.502
51051,330.451
51053,503.884
51057,257.088
51059,391.007
51061,648.006
51063,380.923
51065,287.117
51067,690.622
51069,413.169
51071,357.224
51073,217.81
51075,280.631
51077,441.785
51079,155.933
51081,295.227
51083,817.731
51085,467.886
51087,233.676
51089,382.351
51091,415.163
51093,315.68
51095,142.365
51097,315.163
51099,179.628
51101,273.928
51103,133.297
51105,435.377
51107,515.765
51109,496.132
51111,431.7
51113,320.638
51115,85.91
51117,625.31
51119,130.33
51121,386.844
51125,470.745
51127,210.036
51131,211.719
51133,191.44
51135,314.39
51137,341.112
51139,310.021
51141,482.954
51143,969.003
51145,260.205
51147,349.961
51149,265.342
51153,335.745
51155,319.838
51157,266.372
51159,191.478
51161,250.544
51163,596.543
51165,849.789
51167,473.524
51169,535.827
51171,508.072
51173,451.35
51175,599.196
51177,401.503
51179,269.205
51181,278.949
51183,490.226
51185,518.791
51187,214.534
51191,561.161
51193,229.326
51195,403.439
51197,461.924
51199,104.609
51510,14.934
51520,12.904
51530,6.438
51540,10.245
51550,338.51
51570,7.519
51580,5.469
51590,42.797
51595,6.904
51600,6.24
51610,2.046
51620,8.277
51630,10.451
51640,8.236
51650,51.458
51660,17.339
51670,10.354
51678,2.499
51680,48.974
51683,9.849
51685,2.525
51690,10.956
51700,68.992
51710,53.275
51720,7.477
51730,22.72
51735,15.381
51740,33.301
51750,9.676
51760,59.923
51770,42.521
51775,14.518
51790,19.92
51800,399.153
51810,244.723
51820,14.97
51830,8.94
51840,9.193
53001,1924.989
53003,636.075
53005,1700.097
53007,2921.179
53009,1738.683
53011,628.484
53013,868.585
53015,1141.173
53017,1819.263
53019,2203.238
53021,1241.596
53023,710.835
53025,2679.501
53027,1901.463
53029,208.512
53031,1803.724
53033,2115.283
53035,395.126
53037,2297.309
53039,1871.636
53041,2402.783
53043,2310.598
53045,959.556
53047,5266.188
53049,933.609
53051,1400.259
53053,1668.049
53055,173.912
53057,1730.221
53059,1658.282
53061,2086.524
53063,1763.894
53065,2477.395
53067,722.49
53069,262.921
53071,1270.033
53073,2107.877
53075,2159.261
53077,4294.512
54001,341.059
54003,321.149
54005,501.534
54007,510.735
54009,89.196
54011,281.02
54013,279.25
54015,341.939
54017,319.723
54019,661.613
54021,338.503
54023,477.372
54025,1019.813
54027,640.402
54029,82.609
54031,582.316
54033,416.008
54035,464.359
54037,209.296
54039,901.632
54041,386.929
54043,437.04
54045,453.77
54047,533.458
54049,308.753
54051,305.431
54053,430.767
54055,418.962
54057,327.867
54059,423.14
54061,360.091
54063,472.754
54065,229.073
54067,646.846
54069,105.83
54071,696.049
54073,130.119
54075,940.239
54077,648.814
54079,345.678
54081,605.358
54083,1039.7
54085,451.99
54087,483.563
54089,360.592
54091,172.771
54093,419.044
54095,256.302
54097,354.638
54099,506.006
54101,553.47
54103,358.067
54105,232.511
54107,366.508
54109,499.47
55001,645.646
55003,1044.976
55005,863.041
55007,1477.874
55009,530.092
55011,675.791
55013,821.561
55015,318.281
55017,1008.355
55019,1209.696
55021,765.547
55023,570.648
55025,1196.485
55027,875.697
55029,481.963
55031,1304.293
55033,850.16
55035,637.922
55037,488.123
55039,719.566
55041,1014.244
55043,1146.879
55045,584.044
55047,349.544
55049,762.698
55051,758.209
55053,987.915
55055,556.491
55057,767.081
55059,271.845
55061,342.454
55063,451.769
55065,633.588
55067,870.698
55069,878.704
55071,589.305
55073,1545.178
55075,1399.466
55077,455.712
55078,357.615
55079,241.482
55081,900.904
55083,997.481
55085,1113.942
55087,637.578
55089,233.018
55091,232.007
55093,574.018
55095,914.32
55097,800.876
55099,1254.055
55101,332.59
55103,586.15
55105,718.145
55107,913.553
55109,722.454
55111,831.543
55113,1257.626
55115,893.225
55117,511.528
55119,975.051
55121,733.004
55123,791.562
55125,857.707
55127,555.419
55129,797.114
55131,430.644
55133,549.721
55135,747.694
55137,626.162
55139,434.697
55141,793.016
56001,4274.327
56003,3136.957
56005,4802.065
56007,7897.803
56009,4254.963
56011,2854.48
56013,9183.59
56015,2225.613
56017,2004.429
56019,4154.152
56021,2685.864
56023,4075.337
56025,5340.538
56027,2626.028
56029,6939.039
56031,2081.448
56033,2523.361
56035,4886.482
56037,10426.98
56039,3996.846
56041,2081.721
56043,2238.674
56045,2398.005
72001,66.69
72003,30.859
72005,36.532
72007,30.085
72009,31.311
72011,39.285
72013,125.939
72015,15.008
72017,18.696
72019,34.253
72021,44.331
72023,70.366
72025,58.603
72027,46.355
72029,32.868
72031,45.37
72033,4.876
72035,51.935
72037,29.036
72039,66.529
72041,36.021
72043,78.013
72045,28.401
72047,42.567
72049,11.627
72051,23.116
72053,29.903
72054,15.209
72055,37.05
72057,64.988
72059,42.271
72061,27.585
72063,27.885
72065,41.777
72067,11.346
72069,44.718
72071,55.311
72073,44.533
72075,60.277
72077,26.489
72079,59.957
72081,61.45
72083,46.36
72085,33.88
72087,19.362
72089,25.811
72091,45.14
72093,36.622
72095,21.165
72097,77.674
72099,50.341
72101,38.871
72103,51.66
72105,27.401
72107,63.625
72109,46.601
72111,44.617
72113,114.938
72115,22.683
72117,14.288
72119,60.621
72121,36.313
72123,69.395
72125,54.496
72127,47.888
72129,53.108
72131,70.423
72133,34.035
72135,27.017
72137,23.244
72139,20.767
72141,113.532
72143,27.728
72145,45.848
72147,50.788
72149,35.637
72151,55.215
72153,67.711
