County Code,Lic Cnty
10001,18
10003,51
10005,68
1001,21
10011,1
10015,1
1003,55
1005,9
10065,1
1007,4
1009,17
1011,3
1013,8
1015,47
1017,11
1019,12
1021,12
1023,4
1025,13
1027,6
1029,4
1031,16
1033,15
1035,3
1037,4
1039,23
1041,8
1043,28
1045,20
1047,9
1049,28
1051,27
1053,17
1055,27
1057,6
1059,13
1061,10
1063,1
1067,7
1069,25
1071,25
1073,108
1075,4
1077,25
1079,9
1081,34
1083,41
1085,3
1087,2
1089,137
1091,7
1093,22
1095,31
1097,88
1099,8
11000,7
1101,32
1103,40
1105,3
1107,4
1109,13
1111,10
1113,12
1115,24
1117,57
1119,5
1121,31
1123,12
1125,28
1127,20
1129,7
1131,7
1133,7
12001,69
12003,9
12005,65
12007,8
12009,155
12011,223
12013,18
12015,38
12017,53
12019,43
12021,49
12023,17
12025,223
12027,8
12029,7
12031,130
12033,61
12035,22
12037,3
12039,19
12041,10
12043,2
12045,9
12047,3
12049,10
12051,13
12053,36
12055,38
12057,169
12059,8
12061,40
12063,22
12065,6
12067,3
12069,80
12071,140
12073,64
12075,23
12077,2
12079,3
12081,72
12083,99
12085,47
12087,30
12089,22
12091,82
12093,25
12095,151
12097,43
12099,179
12101,112
12103,202
12105,103
12107,22
12109,47
12111,71
12113,59
12115,77
12117,77
12119,17
12121,22
12123,10
12127,123
12129,13
12131,21
12133,10
12151,1
12157,1
12199,3
12299,1
12439,1
12800,1
13001,16
13003,4
13005,5
13009,11
13011,6
13013,19
13015,38
13017,8
13019,9
13021,25
13023,10
13025,7
13027,5
13029,18
13031,19
13033,6
13035,8
13037,1
13039,16
13043,3
13045,33
13047,17
13049,10
13051,39
13053,2
13055,10
13057,46
13059,24
13063,16
13065,5
13067,100
13069,11
13071,13
13073,23
13075,5
13077,33
13079,4
13081,3
13083,12
13085,13
13087,9
13089,32
13091,5
13093,4
13095,19
13097,20
13099,5
13103,21
13105,9
13107,10
13109,10
13111,14
13113,31
13115,27
13117,39
13119,7
13121,60
13123,19
13127,45
13129,19
13131,10
13133,4
13135,102
13137,14
13139,39
13141,1
13143,13
13145,5
13147,10
13149,10
13151,22
13153,32
13155,5
13157,31
13159,6
13161,8
13163,4
13165,2
13167,4
13169,13
13171,5
13173,1
13175,10
13177,9
13179,12
13181,2
13183,4
13185,17
13187,14
13189,7
13191,5
13193,1
13195,21
13197,6
13199,14
13201,3
13205,10
13207,11
13209,2
13211,5
13213,12
13215,33
13217,17
13219,13
13221,8
13223,43
13225,6
13227,13
13229,11
13231,7
13233,12
13235,2
13237,8
13239,1
13241,14
13243,5
13245,30
13247,18
13249,1
13251,4
13253,7
13255,15
13257,19
13259,6
13261,14
13263,5
13267,19
13269,2
13271,6
13273,4
13275,19
13277,16
13279,19
13281,10
13283,4
13285,14
13287,2
13289,1
13291,13
13293,9
13295,19
13297,17
13299,17
13301,3
13303,6
13305,15
13307,2
13309,1
13311,17
13313,23
13315,1
13317,4
13319,2
13321,6
15001,21
15003,49
15007,27
15009,13
16001,173
16003,10
16005,44
16007,8
16009,17
16011,28
16013,16
16015,12
16017,55
16019,61
16020,1
16021,20
16023,5
16025,2
16027,101
16029,5
16031,12
16033,3
16035,21
16037,10
16039,19
16041,14
16043,21
16045,16
16047,18
16049,34
16051,21
16053,9
16055,103
16057,18
16059,29
16061,7
16063,3
16065,17
16067,7
16069,49
16071,2
16073,8
16075,13
16077,7
16079,11
16081,11
16083,43
16085,12
16087,13
16089,1
16093,1
16510,2
17001,41
17003,4
17005,15
17007,19
17009,12
17011,29
17013,4
17015,14
17017,14
17019,50
17021,20
17023,19
17025,9
17027,14
17029,32
17031,72
17033,15
17035,10
17037,17
17039,16
17041,10
17043,78
17045,12
17047,5
17049,18
17051,21
17053,11
17055,23
17057,19
17059,6
17061,11
17063,28
17065,8
17067,26
17069,7
17071,8
17073,37
17075,27
17077,26
17079,8
17081,24
17083,10
17085,8
17087,16
17089,77
17091,39
17093,36
17095,13
17097,86
17099,59
17101,9
17103,17
17105,19
17107,10
17109,13
17111,71
17113,57
17115,28
17117,21
17119,79
17121,21
17123,6
17125,15
17127,14
17129,9
17131,13
17133,21
17135,24
17137,23
17139,4
17141,21
17143,37
17145,27
17147,16
17149,15
17151,4
17153,5
17155,9
17157,28
17159,12
17161,42
17163,56
17165,15
17167,84
17169,7
17171,1
17173,23
17175,5
17177,22
17179,52
17181,19
17183,33
17185,9
17187,9
17189,13
17191,15
17193,9
17195,16
17197,94
17199,50
17201,40
17203,23
17211,1
18001,16
18003,58
18005,17
18007,2
18009,3
18011,21
18013,7
18015,5
18017,13
18019,31
18021,20
18023,9
18025,7
18027,21
18029,34
18031,15
18033,26
18035,11
18037,15
18039,40
18041,5
18043,15
18045,15
18047,13
18049,12
18051,21
18053,15
18055,24
18057,38
18059,8
18061,21
18063,35
18065,15
18067,17
18069,13
18071,20
18073,18
18075,5
18077,10
18079,18
18081,36
18083,16
18085,25
18087,11
18089,46
18091,25
18093,26
18095,22
18097,59
18099,15
18101,5
18103,14
18105,20
18107,19
18109,24
18111,6
18113,21
18115,4
18117,9
18119,12
18121,10
18123,6
18125,7
18127,23
18129,12
18131,2
18133,16
18135,9
18137,20
18139,7
18141,39
18143,8
18145,13
18147,4
18149,8
18151,11
18153,13
18155,3
18157,21
18159,7
18161,9
18163,27
18165,14
18167,33
18169,15
18171,4
18173,26
18175,15
18177,19
18179,7
18181,12
18183,13
19001,5
19003,6
19005,15
19007,12
19009,3
19011,21
19013,52
19015,20
19017,13
19019,6
19021,13
19023,13
19025,5
19027,27
19029,9
19031,10
19033,21
19035,14
19037,10
19039,5
19041,18
19043,14
19045,13
19047,5
19049,26
19051,8
19053,11
19055,11
19057,29
19059,17
19061,28
19063,8
19065,10
19067,14
19069,3
19071,10
19073,9
19075,7
19077,8
19079,10
19081,8
19083,18
19085,11
19087,16
19089,11
19091,13
19093,6
19095,15
19097,15
19099,18
19101,7
19103,30
19105,13
19107,15
19109,8
19111,28
19113,50
19115,12
19117,9
19119,10
19121,11
19123,13
19125,11
19127,21
19129,15
19131,6
19133,8
19135,3
19137,7
19139,20
19141,13
19143,8
19145,13
19147,9
19149,16
19151,8
19153,83
19155,29
19157,21
19159,4
19161,10
19163,47
19165,8
19167,12
19169,27
19171,10
19173,6
19175,13
19177,10
19179,15
19181,28
19183,13
19185,5
19187,14
19189,7
19191,20
19193,28
19195,6
19197,9
20001,10
20003,4
20005,6
20007,5
20009,15
20011,8
20013,10
20015,31
20017,5
20019,4
20021,8
20023,4
20025,1
20027,6
20029,5
2003,1
20031,13
20033,2
20035,16
20037,11
20039,5
20041,15
20043,5
20045,30
20047,9
20049,3
20051,21
20053,7
20055,14
20057,16
20059,12
20061,13
20063,8
20065,6
20067,8
20069,2
20071,4
20073,6
20075,4
20077,6
20079,23
20081,4
20083,4
20085,8
20087,18
20089,5
20091,146
20093,3
20095,10
20097,4
20099,11
20101,8
20103,24
20105,1
20107,13
20109,6
20111,10
20113,5
20115,7
20117,10
20119,7
20121,22
20123,10
20125,19
20127,9
20129,4
2013,5
20131,9
20133,9
20135,4
20137,9
20139,17
20141,7
20143,3
20145,4
20147,5
20149,19
20151,13
20153,2
20155,34
20157,5
20159,11
2016,2
20161,15
20163,3
20165,4
20167,9
20169,27
20171,7
20173,124
20175,8
20177,52
20179,5
20181,4
20183,8
20185,4
20187,1
20189,5
20191,17
20193,6
20195,2
20197,4
20199,3
2020,161
20201,6
20203,3
20205,10
20209,27
2050,19
2060,5
2068,3
2070,5
2077,1
2090,101
2093,1
2100,2
21001,10
21003,18
21005,11
21007,5
21009,22
21011,5
21013,18
21015,44
21017,10
21019,26
21021,12
21023,3
21025,6
21027,10
21029,29
21031,13
21033,9
21035,27
21037,13
21039,1
21041,9
21043,12
21045,5
21047,25
21049,14
21051,11
21053,3
21055,5
21057,3
21059,21
21061,13
21063,7
21065,8
21067,39
21069,6
21071,18
21073,15
21075,4
21077,4
21079,10
21081,13
21083,22
21085,21
21087,10
21089,21
21091,9
21093,38
21095,17
21097,12
21099,12
2110,25
21101,13
21103,8
21105,4
21107,16
21109,8
21111,90
21113,22
21115,17
21117,39
21119,3
21121,10
21123,5
21125,28
21127,6
21129,4
21131,6
21133,17
21135,5
21137,13
21139,7
21141,19
21143,3
21145,28
21147,4
21149,6
21151,27
21153,8
21155,9
21157,16
21159,3
21161,7
21163,10
21167,7
21169,9
21171,11
21173,9
21175,8
21177,9
21179,18
21181,2
21183,7
21185,28
21187,6
21189,3
21191,6
21193,16
21195,24
21197,3
21199,30
21201,2
21203,8
21205,8
21207,9
21209,12
21211,21
21213,4
21215,5
21217,17
21219,7
2122,67
21221,10
21223,5
21225,5
21227,28
21229,3
21231,10
21233,4
21235,9
21237,3
21239,5
2130,18
2150,11
21550,1
2164,1
2170,120
2180,13
2185,7
2188,10
22001,15
22003,5
22005,40
22007,5
22009,21
2201,12
22011,22
22013,7
22015,70
22017,82
22019,61
22021,6
22023,2
22025,9
22027,10
22029,13
22031,8
22033,72
22035,3
22037,7
22039,12
22041,10
22043,16
22045,18
22047,8
22049,15
22051,55
22053,12
22055,82
22057,30
22059,6
22061,18
22063,53
22065,3
22067,15
22069,20
22071,11
22073,81
22075,3
22077,11
22079,53
22081,1
22083,12
22085,9
22087,8
22089,10
22091,5
22093,4
22095,3
22097,26
22099,14
22101,19
22103,39
22105,31
22107,5
22109,32
22111,8
22113,26
22115,25
22117,17
22119,16
22121,14
22123,5
22125,2
22127,10
2220,7
2231,10
2240,15
2261,20
2270,5
2280,15
2290,7
23001,33
23003,47
23005,68
23007,28
23009,25
23011,61
23013,18
23015,33
23017,34
23019,70
23021,11
23023,17
23025,41
23027,17
23029,28
23031,67
24000,1
24001,17
24003,49
24005,48
24009,23
24011,9
24013,33
24015,22
24017,28
24019,22
24021,50
24023,11
24025,40
24027,16
24029,6
24031,63
24033,39
24035,23
24037,43
24039,9
24041,13
24043,50
24045,31
24047,16
24061,1
24113,1
24123,1
24131,1
24165,4
24510,15
25001,31
25003,23
25005,46
25007,2
25009,41
25011,22
25013,82
25015,19
25017,138
25021,36
25023,53
25025,4
25027,91
25183,1
26001,14
26003,15
26005,50
26007,24
26009,12
26011,14
26013,7
26015,24
26017,29
26019,21
26021,44
26023,20
26025,36
26027,21
26029,13
26031,15
26033,28
26035,22
26037,37
26039,9
26041,37
26043,21
26045,37
26047,23
26049,77
26051,17
26053,10
26055,33
26057,9
26059,21
26061,28
26063,10
26065,58
26067,25
26069,13
26071,5
26073,22
26075,44
26077,38
26079,10
26081,115
26083,5
26085,14
26087,42
26089,15
26091,33
26093,58
26095,8
26097,6
26099,188
26101,22
26103,30
26105,20
26107,17
26109,18
26111,30
26113,17
26115,40
26117,33
26119,13
26121,52
26123,28
26125,218
26127,19
26129,16
26131,7
26133,14
26135,8
26137,13
26139,78
26141,15
26143,14
26145,43
26147,55
26149,18
26151,33
26153,7
26155,35
26157,26
26159,25
26161,46
26163,135
26165,23
26169,2
26173,1
26177,1
26179,2
26183,2
26187,1
26191,1
26193,2
26195,2
26199,1
26227,1
26285,1
27001,19
27003,90
27005,16
27007,16
27009,20
27011,9
27013,22
27015,15
27017,19
27019,22
27021,32
27023,5
27025,30
27027,16
27029,10
27031,7
27033,10
27035,30
27037,83
27039,10
27041,30
27043,7
27045,11
27047,10
27049,23
27051,8
27053,136
27055,12
27057,15
27059,20
27061,29
27063,9
27065,11
27067,17
27069,12
27071,9
27073,6
27075,7
27077,6
27079,19
27081,2
27083,14
27085,23
27087,6
27089,14
27091,10
27093,12
27095,18
27097,14
27099,16
27101,8
27103,6
27105,11
27107,4
27109,35
27111,42
27113,14
27115,25
27117,5
27119,17
27121,8
27123,47
27125,3
27127,7
27129,12
27131,21
27133,6
27135,10
27137,84
27139,28
27141,31
27143,4
27145,43
27147,8
27149,10
27151,7
27153,9
27155,2
27157,19
27159,10
27161,5
27163,51
27165,7
27167,8
27169,25
27171,47
27173,3
27439,1
27810,1
28001,12
28003,16
28005,10
28007,5
28009,1
28011,13
28013,6
28015,6
28017,5
28019,7
28021,5
28023,9
28025,7
28027,5
28029,10
28031,11
28033,35
28035,29
28037,6
28039,19
28041,8
28043,13
28045,11
28047,31
28049,48
28051,2
28053,2
28057,17
28059,36
28061,5
28063,2
28065,5
28067,33
28069,1
28071,23
28073,31
28075,27
28077,8
28079,10
28081,30
28083,10
28085,16
28087,21
28089,34
28091,15
28093,11
28095,20
28097,3
28099,10
28101,6
28103,4
28105,11
28107,10
28109,25
28111,7
28113,18
28115,13
28117,10
28121,57
28123,14
28125,3
28127,10
28129,3
28131,5
28133,6
28135,3
28137,9
28139,11
28141,10
28143,5
28145,13
28147,9
28149,23
28151,13
28153,11
28155,4
28157,2
28159,11
28161,5
28163,8
29001,13
29003,24
29005,5
29007,15
29009,22
29011,11
29013,10
29015,21
29017,10
29019,55
29020,1
29021,34
29023,25
29025,10
29027,31
29029,41
29031,46
29033,15
29035,8
29037,44
29039,10
29041,13
29043,45
29045,8
29047,67
29049,15
29051,50
29053,18
29055,24
29057,6
29059,16
29061,8
29063,15
29065,16
29067,12
29069,28
29071,75
29073,26
29075,11
29077,86
29079,7
29081,12
29083,14
29085,6
29087,4
29089,4
29091,32
29093,8
29095,120
29097,44
29099,110
29101,23
29103,4
29105,26
29107,18
29109,17
29111,11
29113,36
29115,14
29117,5
29119,15
29121,16
29123,11
29125,11
29127,19
29129,6
29131,15
29133,4
29135,8
29137,8
29139,18
29141,20
29143,9
29145,31
29147,20
29149,12
29151,20
29153,17
29155,11
29157,21
29159,32
29161,30
29163,21
29165,16
29167,23
29169,21
29171,1
29173,18
29175,21
29177,17
29179,10
29181,13
29183,94
29185,6
29186,17
29187,25
29189,172
29195,7
29197,2
29199,5
29201,23
29203,9
29205,5
29207,20
29209,13
29211,3
29213,26
29215,27
29217,12
29219,18
29221,16
29223,9
29225,33
29227,2
29229,21
29439,1
29491,1
29510,25
29650,1
30001,24
30003,7
30005,10
30007,11
30009,15
30011,2
30013,84
30015,10
30017,15
30019,8
30021,15
30023,8
30025,11
30027,26
30029,135
30031,109
30033,3
30035,8
30037,2
30039,7
30041,28
30043,17
30045,7
30047,31
30049,73
30051,7
30053,39
30055,7
30057,16
30059,6
30061,8
30063,74
30065,11
30067,32
30069,4
30071,6
30073,10
30075,10
30077,14
30079,4
30081,85
30083,19
30085,16
30087,13
30089,25
30091,9
30093,28
30095,18
30097,10
30099,11
30101,13
30105,13
30107,4
30111,112
30117,1
30123,1
30157,1
31001,25
31003,8
31005,3
31007,2
31009,2
31011,13
31013,19
31015,3
31017,4
31019,27
31020,1
31021,3
31023,9
31025,10
31027,6
31029,7
31031,15
31033,14
31035,8
31037,2
31039,6
31041,21
31043,11
31045,11
31047,9
31049,1
31051,4
31053,23
31055,66
31057,5
31059,6
31061,3
31063,6
31065,5
31067,24
31069,3
31071,2
31073,2
31075,1
31077,3
31079,20
31081,8
31083,5
31085,1
31087,7
31089,18
31091,3
31093,5
31095,8
31099,6
31101,5
31103,4
31105,2
31107,9
31109,53
31111,25
31113,1
31115,3
31117,2
31119,22
31121,6
31123,4
31125,3
31127,5
31129,4
31131,11
31133,2
31135,3
31137,8
31139,5
31141,17
31143,2
31145,15
31147,12
31149,2
31151,7
31153,49
31155,18
31157,26
31159,12
31161,7
31163,6
31165,1
31167,5
31169,8
31171,1
31173,2
31175,8
31177,9
31179,7
31181,3
31183,3
31185,13
31189,1
31209,2
31227,1
31245,1
31303,1
31309,1
31439,2
31520,1
32001,10
32003,253
32005,61
32007,38
32009,2
32011,6
32013,17
32015,11
32017,7
32019,37
32021,2
32023,33
32025,1
32027,7
32029,5
32031,157
32033,7
32063,1
32077,1
32081,1
32085,3
32199,1
32510,28
33001,35
33003,43
33005,55
33007,25
33009,47
33011,126
33013,53
33015,114
33017,47
33019,33
33027,1
34001,24
34003,19
34005,19
34007,13
34009,11
34011,11
34013,6
34015,21
34017,9
34019,17
34021,8
34023,14
34025,40
34027,32
34029,39
34031,25
34033,8
34035,13
34037,21
34039,11
34041,17
34061,1
34079,1
34095,2
34103,2
34105,1
34127,1
35001,158
35003,5
35005,19
35006,9
35007,17
35009,22
35011,4
35013,57
35015,29
35017,17
35019,3
35021,6
35023,8
35025,33
35027,24
35028,14
35029,6
35031,27
35033,3
35035,32
35037,15
35039,12
35041,5
35043,54
35045,53
35047,9
35049,33
35051,8
35053,6
35055,12
35057,11
35059,7
35061,27
35131,1
36001,25
36003,20
36005,4
36007,52
36009,43
36011,18
36013,36
36015,15
36017,20
36019,16
36021,21
36023,15
36025,33
36027,62
36029,120
36031,16
36033,19
36035,16
36037,25
36039,28
36041,10
36043,32
36045,23
36047,7
36049,21
36051,24
36053,18
36055,108
36057,14
36059,42
36061,12
36063,32
36065,51
36067,65
36069,43
36071,81
36073,11
36075,44
36077,26
36079,24
36081,10
36083,33
36085,5
36087,45
36089,33
36091,30
36093,16
36095,10
36097,7
36099,9
36101,38
36103,84
36105,51
36107,11
36109,16
36111,72
36113,18
36115,28
36117,34
36119,60
36121,17
36123,13
36129,1
36157,1
37001,46
37003,14
37005,8
37007,9
37009,19
37011,9
37013,14
37015,3
37017,14
37019,39
37021,67
37023,25
37025,53
37027,26
37029,15
37031,34
37033,10
37035,44
37037,31
37039,16
37041,5
37043,10
37045,34
37047,23
37049,46
37051,80
37053,17
37055,15
37057,53
37059,23
37061,26
37063,32
37065,10
37067,51
37069,16
37071,44
37073,4
37075,5
37077,18
37079,7
37081,67
37082,1
37083,12
37085,37
37087,41
37089,56
37091,10
37093,24
37095,6
37097,68
37099,22
37101,61
37103,3
37105,30
37107,23
37109,36
37111,27
37113,30
37115,12
37117,8
37119,104
37121,8
37123,10
37125,36
37127,32
37129,58
37131,7
37133,71
37135,8
37137,13
37139,11
37141,26
37143,6
37145,10
37147,41
37149,10
37151,46
37153,17
37155,23
37157,42
37159,58
37161,24
37163,14
37165,10
37167,36
37169,10
37171,36
37173,11
37175,16
37177,4
37179,49
37181,8
37183,109
37185,7
37187,4
37189,18
37191,25
37193,33
37195,16
37197,20
37199,7
38001,1
38003,10
38005,4
38009,14
38011,4
38013,2
38015,50
38017,42
38019,5
38021,6
38023,4
38025,6
38027,3
38029,4
38031,3
38033,4
38035,27
38037,6
38039,5
38041,1
38043,3
38045,9
38047,5
38049,7
38051,4
38053,10
38055,16
38057,16
38059,20
38061,5
38063,2
38065,5
38067,11
38069,4
38071,12
38073,8
38075,3
38077,20
38079,9
38081,9
38087,1
38089,17
38093,15
38095,4
38097,2
38099,11
38101,39
38103,8
38105,24
38119,1
39001,15
39003,32
39005,14
39007,37
39009,26
39011,19
39013,31
39015,30
39017,73
39019,11
39021,15
39023,38
39025,57
39027,16
39029,45
39031,14
39033,9
39035,119
39037,14
39039,16
39041,45
39043,20
39045,33
39047,10
39049,126
39051,16
39053,12
39055,44
39057,35
39059,25
39061,110
39063,19
39065,10
39067,8
39069,6
39071,20
39073,13
39075,21
39077,12
39079,14
39081,27
39083,28
39085,86
39087,25
39089,58
39091,19
39093,68
39095,65
39097,15
39099,53
39101,18
39103,69
39105,13
39107,18
39109,23
39111,13
39113,115
39115,8
39117,11
39119,32
39121,4
39123,18
39125,9
39127,15
39129,17
39131,8
39133,53
39135,22
39137,14
39139,32
39141,27
39143,15
39145,29
39147,11
39149,18
39151,90
39153,75
39155,64
39157,46
39159,13
39161,8
39163,2
39165,69
39167,42
39169,30
39171,21
39173,34
39175,17
39197,1
39439,2
40001,7
40003,6
40005,14
40007,8
40009,20
4001,24
40011,5
40013,20
40015,14
40017,53
40019,21
40021,25
40023,8
40025,6
40027,78
4003,93
40031,53
40033,7
40035,10
40037,30
40039,24
40041,23
40043,7
40045,5
40047,35
40049,15
4005,62
40051,33
40053,3
40055,2
40057,8
40059,4
40061,9
40063,8
40065,19
40067,2
40069,9
4007,46
40071,32
40073,12
40075,7
40077,10
40079,20
40081,22
40083,14
40085,1
40087,27
40089,23
4009,23
40091,11
40093,3
40095,15
40097,19
40099,8
40101,36
40103,8
40105,8
40107,8
40109,199
4011,5
40111,15
40113,25
40115,26
40117,10
40119,24
4012,6
40121,20
40123,25
40125,47
40127,5
40129,2
4013,1004
40131,57
40133,10
40135,27
40137,28
40139,19
40141,5
40143,199
40145,41
40147,30
40149,8
4015,135
40151,8
40153,14
4017,52
40173,2
40183,1
4019,248
4021,93
40223,1
4023,13
40231,1
4025,209
4027,36
40277,1
40309,1
40347,1
40349,1
40423,2
40439,1
40485,1
4059,1
4073,1
4081,1
4087,2
4089,2
41001,27
41003,29
41005,146
41007,20
41009,39
41011,46
41013,16
41015,27
41017,125
41019,71
41020,5
41021,5
41023,7
41025,11
41027,9
41029,89
4103,1
41031,15
41033,53
41035,49
41037,19
41039,136
41041,30
41043,75
41045,20
41047,109
41049,8
41051,77
41053,40
41055,4
41057,17
41059,61
41061,42
41063,12
41065,17
41067,143
41069,4
41071,50
41073,1
41077,5
41087,1
4109,1
41090,2
4111,2
41110,1
41119,1
41122,1
41129,1
41170,2
4147,1
4153,1
42001,63
42002,1
42003,166
42005,48
42007,54
42009,35
42011,111
42013,70
42015,58
42017,133
42019,94
42021,45
42023,14
42025,23
42027,55
42029,112
42031,32
42033,32
42035,24
42037,50
42039,36
42041,62
42043,59
42045,68
42047,18
42049,62
42051,52
42053,13
42055,66
42057,18
42059,35
42061,35
42063,51
42065,31
42067,31
42069,54
42071,88
42073,37
42075,31
42077,69
42079,72
42081,68
42083,31
42085,56
42087,20
42089,62
42091,122
42093,14
42095,74
42097,37
42099,50
42101,22
42103,43
42105,21
42107,53
42109,25
42111,52
42113,22
42115,32
42117,39
42119,21
42121,30
42123,28
42125,84
42127,39
42129,130
42131,20
42133,133
42135,3
42137,1
42139,4
42141,4
42143,4
42145,3
42147,2
42149,1
42151,3
42153,5
42155,3
42157,7
42159,1
42161,3
42163,9
42165,3
42167,1
42169,2
42173,2
42177,3
42179,2
42183,10
42187,1
42189,4
42191,1
42197,2
42199,1
42201,7
42215,1
42219,1
42227,1
42245,1
42339,1
42355,1
42397,1
42439,4
42453,3
42491,1
42550,1
42570,1
42590,1
42680,1
42683,1
42700,1
42770,1
42800,1
42810,2
44001,2
44003,16
44005,8
44007,63
44009,23
44097,1
45001,10
45003,62
45005,3
45007,44
45009,7
45011,10
45013,38
45015,34
45017,11
45019,55
45021,21
45023,12
45025,11
45027,11
45029,13
45031,26
45033,10
45035,25
45037,11
45039,8
45041,50
45043,17
45045,101
45047,19
45049,10
45051,72
45053,7
45055,23
45057,16
45059,25
45061,2
45063,89
45065,3
45067,8
45069,6
45071,27
45073,27
45075,18
45077,42
45079,49
45081,6
45083,81
45085,23
45087,13
45089,10
45091,52
45093,2
45097,2
4510,1
45109,1
45113,1
45119,1
45181,1
45245,1
46003,1
46005,13
46007,5
46009,4
46011,10
46013,32
46015,8
46019,9
46021,4
46023,8
46025,5
46027,6
46029,11
46031,3
46033,15
46035,12
46037,4
46041,9
46043,5
46045,4
46047,8
46049,5
46051,5
46053,8
46055,4
46057,3
46059,5
46061,5
46065,17
46067,7
46069,2
46073,2
46075,2
46077,9
46079,13
46081,30
46083,29
46085,3
46087,2
46089,3
46091,1
46093,31
46095,1
46097,2
46099,53
46101,2
46103,80
46105,4
46107,4
46109,6
46115,12
46117,3
46119,4
46121,3
46123,10
46125,5
46127,14
46129,8
46135,14
47001,29
47003,12
47005,9
47007,6
47009,44
47011,37
47013,17
47015,4
47017,9
47019,17
47021,19
47023,4
47025,14
47027,2
47029,12
47031,19
47033,10
47035,17
47037,55
47039,7
47041,4
47043,23
47045,11
47047,15
47049,14
47051,9
47053,21
47055,11
47057,6
47059,27
47061,7
47063,21
47065,56
47067,1
47069,4
47071,15
47073,20
47075,6
47077,14
47079,19
47081,10
47085,15
47087,3
47089,12
47091,8
47093,77
47095,1
47097,4
47099,14
47101,6
47103,20
47105,23
47107,31
47109,12
47111,7
47113,22
47115,17
47117,16
47119,18
47121,11
47123,20
47125,55
47129,4
47131,16
47133,9
47135,8
47137,4
47139,9
47141,23
47143,17
47145,22
47147,11
47149,42
47151,11
47153,9
47155,37
47157,88
47159,10
47161,11
47163,52
47165,52
47167,18
47169,2
47171,5
47173,4
47175,2
47177,17
47179,30
47181,5
47183,9
47185,13
47187,29
47189,27
47235,1
47313,1
48001,35
48003,49
48005,44
48007,10
48009,10
48011,5
48013,73
48014,1
48015,28
48017,10
48019,54
48020,6
48021,39
48023,9
48025,13
48027,113
48029,242
48031,48
48033,20
48035,32
48037,49
48039,114
48041,67
48043,11
48045,9
48047,12
48049,35
48051,27
48053,40
48055,25
48057,33
48059,19
48061,68
48063,7
48065,11
48067,24
48069,9
48071,19
48073,34
48075,5
48077,11
48079,4
48081,17
48083,12
48085,220
48087,2
48089,21
48091,78
48093,16
48095,29
48097,49
48099,30
48101,15
48103,19
48105,12
48107,1
48109,28
48111,26
48113,328
48115,15
48117,14
48119,16
48121,245
48123,12
48125,10
48127,8
48129,3
48131,2
48133,13
48135,45
48137,4
48139,71
48141,133
48143,41
48145,13
48147,20
48149,25
48151,7
48153,10
48155,2
48157,148
48159,8
48161,11
48163,8
48165,12
48167,88
48169,3
48171,29
48173,3
48175,4
48177,10
48179,16
48181,48
48183,46
48185,13
48187,48
48189,16
48191,4
48193,13
48195,3
48197,2
48199,39
48201,711
48203,38
48207,6
48209,49
48211,10
48213,40
48215,82
48217,24
48219,15
48221,46
48223,21
48225,7
48227,14
48229,4
48231,44
48233,17
48235,3
48237,6
48239,7
48241,16
48243,2
48245,69
48247,4
48249,16
48251,84
48253,8
48255,9
48257,49
48259,40
48265,36
48267,4
48269,1
48271,2
48273,10
48275,3
48277,24
48279,10
48281,22
48283,3
48285,17
48287,8
48289,16
48291,33
48293,15
48295,6
48297,7
48299,14
48301,1
48303,103
48305,3
48307,10
48309,87
48311,1
48313,10
48315,4
48317,3
48319,7
48321,14
48323,7
48325,27
48327,4
48329,92
48331,12
48333,7
48335,3
48337,17
48339,221
48341,11
48343,5
48345,1
48347,44
48349,20
48351,2
48353,9
48355,73
48357,11
48361,49
48363,16
48365,15
48367,87
48369,5
48371,4
48373,25
48375,46
48377,2
48379,8
48381,77
48383,2
48385,5
48387,10
48389,1
48391,5
48395,5
48397,33
48399,11
48401,28
48403,5
48405,3
48407,21
48409,28
48411,4
48413,1
48415,9
48417,5
48419,9
48421,2
48423,78
48425,13
48427,20
48429,11
48433,1
48435,6
48437,5
48439,516
48441,46
48443,2
48445,3
48447,1
48449,12
48451,61
48453,162
48455,4
48457,11
48459,21
48461,2
48463,18
48465,9
48467,27
48469,50
48471,26
48473,22
48475,3
48477,18
48479,48
48481,18
48483,8
48485,39
48487,6
48489,2
48491,166
48493,24
48495,2
48497,41
48499,32
48501,4
48503,13
48505,4
48510,1
48590,1
48600,1
49001,13
49003,31
49005,65
49007,19
49011,104
49013,20
49015,13
49017,11
49019,13
49020,1
49021,37
49023,11
49025,11
49027,13
49029,14
49031,2
49033,5
49035,271
49037,9
49039,30
49041,22
49043,18
49045,23
49047,23
49049,166
49051,12
49053,81
49055,2
49057,80
49061,3
49063,4
49065,1
49067,3
49069,2
49077,2
49083,1
49089,1
49090,1
49095,1
49097,1
49099,3
49101,1
49103,1
49105,1
49107,1
49110,1
49122,1
49129,1
49153,1
49170,1
49510,1
49770,1
50001,21
50003,28
50005,21
50007,40
50009,4
5001,55
50011,40
50013,9
50015,16
50017,24
50019,19
50021,51
50023,30
50025,25
50027,35
5003,62
50031,2
5005,73
5006,1
5007,119
5009,61
5011,32
50121,1
5013,56
5015,59
5017,48
5019,54
5020,4
5021,46
5023,32
5025,36
5027,45
5029,55
5031,84
5033,53
5035,47
5037,29
5039,35
5041,44
5043,33
5045,82
5047,38
5049,44
5051,72
5053,42
5055,50
5057,43
5059,48
5061,35
5063,58
5065,34
5067,29
5069,40
5071,46
5073,29
5075,24
5077,27
5079,25
5081,33
5083,34
5085,66
5087,29
5089,47
5090,1
5091,49
5093,26
5095,23
5097,33
5099,28
51001,15
51003,24
51005,5
51007,8
51009,12
5101,32
51011,10
51013,10
51015,18
51017,5
51019,29
51021,5
51023,17
51025,1
51027,9
51029,5
5103,35
51031,31
51033,10
51035,12
51036,1
51037,8
51041,51
51043,9
51045,6
51047,27
51049,3
5105,24
51051,8
51053,12
51055,2
51057,5
51059,140
51061,39
51063,4
51065,2
51067,20
51069,51
5107,23
51071,15
51073,16
51075,10
51077,11
51079,10
51081,3
51083,16
51085,34
51087,21
51089,11
5109,35
51091,5
51093,11
51095,13
51097,4
51099,16
51101,4
51103,8
51105,10
51107,76
51109,15
5111,35
51111,7
51113,5
51115,2
51117,21
51119,3
51121,16
51125,11
51127,14
5113,44
51131,13
51133,8
51135,2
51137,15
51139,14
51141,14
51143,25
51145,12
51147,13
51149,9
5115,43
51153,70
51155,18
51157,11
51159,1
51161,11
51163,13
51165,24
51167,8
51169,14
5117,23
51171,19
51173,10
51175,4
51177,38
51179,41
51181,1
51183,1
51185,24
51187,17
5119,115
51191,22
51193,6
51195,24
51197,16
51199,9
5121,40
51215,1
5122,1
5123,25
5125,52
5127,27
5129,14
5130,1
5131,72
5133,26
5135,28
5137,22
5139,41
5141,26
5143,90
5145,79
5147,16
5149,26
5150,1
5151,16
51510,7
51515,5
51520,7
5153,15
51540,5
5155,10
51550,33
5157,14
51570,5
51580,9
5159,8
51590,6
51600,11
5161,6
51610,5
51620,3
5163,13
51630,10
51640,7
5165,9
51650,18
51660,6
5167,12
51670,3
51680,16
51683,14
51685,6
5169,8
51690,5
5170,1
51700,17
5171,9
51710,20
51720,2
5173,8
51730,3
51735,7
51740,9
5175,6
51750,17
51760,5
5177,10
51770,19
51775,6
5179,11
51790,8
51800,19
5181,7
51810,88
51820,1
5183,19
51840,10
5185,8
5187,11
5189,8
5191,6
5193,5
5195,5
5197,1
5199,5
5201,13
5203,1
5205,2
5207,2
5209,6
5211,1
5213,4
5215,11
5217,4
5219,1
5221,2
5223,3
5225,3
5227,3
5229,1
5231,4
5233,3
5235,2
5237,1
5241,2
5245,4
5247,1
5249,1
5251,2
5255,2
5257,4
5259,1
5261,1
5265,1
5273,1
5275,1
5277,2
5279,1
5281,1
5285,1
5291,3
5293,2
5295,1
5297,2
5299,1
53001,7
53003,11
53005,51
53007,30
53009,28
53011,71
53013,5
53015,27
53017,10
53019,11
53020,1
53021,9
53023,2
53025,19
53027,27
53029,25
5303,4
53031,12
53033,185
53035,40
53037,13
53039,15
53041,38
53043,10
53045,17
53047,19
53049,11
5305,1
53051,7
53053,140
53055,13
53057,32
53059,2
53061,143
53063,96
53065,24
53067,55
53069,4
5307,1
53071,14
53073,37
53075,12
53077,39
53083,2
53089,1
5309,4
53091,1
5311,1
53122,1
5313,2
53170,1
53183,1
53189,1
5321,2
53231,1
53240,1
5325,3
5329,2
5331,1
5337,1
5339,6
5341,1
5347,1
5349,1
5353,1
5355,2
5361,1
5363,1
5367,2
5373,1
5375,2
5381,2
5397,2
54001,13
54003,55
54005,14
54007,21
54009,9
5401,1
54011,30
54013,7
54015,6
54017,4
54019,17
54021,8
54023,17
54025,25
54027,28
54029,20
54031,18
54033,44
54035,14
54037,15
54039,76
54041,21
54043,4
54045,10
54047,4
54049,27
54051,17
54053,21
54055,35
54057,28
54059,11
54061,29
54063,6
54065,14
54067,17
54069,17
54071,16
54073,4
54075,10
54077,23
54079,15
54081,27
54083,32
54085,8
54087,10
54089,8
5409,1
54091,10
54093,10
54095,5
54097,17
54099,10
54101,8
54103,12
54105,3
54107,46
54109,9
5415,1
5419,1
5423,5
5427,1
5429,1
5439,6
5441,2
5449,1
5451,3
5453,1
5457,1
5459,1
5463,1
5465,1
5467,1
5469,2
5471,1
5477,1
5479,1
5481,1
5485,2
5487,1
5491,4
5497,1
5499,1
55001,10
55003,17
55005,27
55007,14
55009,53
55011,6
55013,22
55015,5
55017,38
55019,23
55021,30
55023,8
55025,60
55027,32
55029,14
5503,1
55031,16
55033,26
55035,31
55037,3
55039,29
55041,10
55043,32
55045,18
55047,9
55049,13
55051,4
55053,15
55055,29
55057,15
55059,32
55061,9
55063,25
55065,10
55067,9
55069,11
55071,23
55073,41
55075,43
55077,8
55079,62
55081,35
55083,26
55085,30
55087,52
55089,17
55091,2
55093,22
55095,21
55097,27
55099,12
5510,1
55101,41
55103,7
55105,54
55107,11
55109,39
55111,34
55113,10
55115,22
55117,30
55119,13
55121,12
55123,20
55125,22
55127,30
55129,17
55131,36
55133,99
55135,26
55137,23
55139,34
55141,43
55145,1
55147,1
5515,1
55153,1
55163,1
55169,1
55171,1
5520,1
5550,2
5570,1
5580,1
5590,1
5595,1
56001,39
56003,20
56005,62
56007,28
56009,29
56011,15
56013,60
56015,5
56017,7
56019,7
56021,77
56023,29
56025,63
56027,7
56029,61
56031,18
56033,20
56035,29
56037,58
56039,13
56041,20
56043,17
56045,11
56069,2
56081,1
56087,1
56123,1
5620,1
5630,1
5640,1
5660,2
5678,1
5680,1
5690,1
5720,1
5730,1
5750,1
5770,2
5775,1
5790,1
5800,2
5810,3
5820,1
5840,1
6001,48
6003,14
6005,27
6007,58
6009,24
6011,11
6012,1
6013,80
6015,13
6017,42
6019,114
6021,10
6023,39
6025,10
6027,12
6029,183
6031,26
6033,32
6035,28
6037,377
6039,23
6041,22
6043,8
6045,29
6047,29
6049,8
6051,7
6053,27
6055,30
6057,29
6059,259
6061,65
6063,11
6065,212
6067,121
6069,14
6071,175
6073,165
6075,3
6077,54
6079,53
6081,30
6083,55
6085,83
6087,24
6089,52
6091,2
6093,19
6095,41
6097,43
6099,63
6101,17
6103,16
6105,6
6107,52
6109,19
6111,116
6113,24
6115,23
6123,1
6133,3
6139,3
6141,3
6145,1
6155,1
6157,1
6187,1
6453,2
6467,1
6510,3
6540,1
66010,18
6760,1
69010,2
72003,3
72005,1
72009,2
72013,1
72021,2
72023,1
72025,3
72029,2
72033,2
72043,1
72053,2
72057,2
72061,2
72063,1
72065,3
72069,1
72071,3
72075,1
72079,1
72091,2
72097,1
72099,2
72113,4
72119,1
72121,1
72127,16
72133,1
72135,1
78010,4
78020,2
78030,2
8001,105
8003,11
8005,154
8007,10
8009,4
8011,2
8013,61
8014,17
8015,12
8017,6
8019,5
8021,11
8023,6
8025,3
8027,8
8029,35
8031,27
8033,6
8035,127
8037,20
8039,29
8041,231
8043,36
8045,28
8047,5
8049,16
8051,14
8053,4
8055,9
8057,1
8059,169
8061,1
8063,10
8065,2
8067,36
8069,129
8071,24
8073,9
8075,17
8077,83
8079,2
8081,14
8083,30
8085,32
8087,22
8089,12
8091,4
8093,17
8095,7
8097,5
8099,9
8101,64
8103,12
8105,11
8107,18
8109,4
8111,1
8113,3
8115,1
8117,9
8119,25
8121,7
8123,139
8125,13
8153,1
8169,1
8341,1
9001,120
9003,144
9005,80
9007,48
9009,132
9011,54
9013,44
9015,24
9017,1
9019,3
9025,1
9079,1
9157,1
